<http://dbpedia.org/resource/The_Green_Hornet_(2011_film)>,http://dbpedia.org/property/colwidth,3,0.02,List of 2011 box office number-one films in the Philippines
<http://dbpedia.org/resource/Bulong_(film)>,http://dbpedia.org/property/colwidth,5,0.02,List of 2011 box office number-one films in the Philippines
<http://dbpedia.org/resource/My_Valentine_Girls>,http://dbpedia.org/property/colwidth,6,0.02,List of 2011 box office number-one films in the Philippines
<http://dbpedia.org/resource/Just_Go_with_It>,http://dbpedia.org/property/colwidth,7,0.02,List of 2011 box office number-one films in the Philippines
<http://dbpedia.org/resource/I_Am_Number_Four_(film)>,http://dbpedia.org/property/colwidth,8,0.02,List of 2011 box office number-one films in the Philippines
<http://dbpedia.org/resource/The_Adjustment_Bureau>,http://dbpedia.org/property/colwidth,10,0.02,List of 2011 box office number-one films in the Philippines
<http://dbpedia.org/resource/Battle:_Los_Angeles>,http://dbpedia.org/property/colwidth,11,0.02,List of 2011 box office number-one films in the Philippines
"<http://dbpedia.org/resource/Catch_Me,_I%27m_in_Love>",http://dbpedia.org/property/colwidth,12,0.02,List of 2011 box office number-one films in the Philippines
<http://dbpedia.org/resource/Rio_(2011_film)>,http://dbpedia.org/property/colwidth,14,0.02,List of 2011 box office number-one films in the Philippines
<http://dbpedia.org/resource/Pak!_Pak!_My_Dr._Kwak!>,http://dbpedia.org/property/colwidth,16,0.02,List of 2011 box office number-one films in the Philippines
<http://dbpedia.org/resource/Thor_(film)>,http://dbpedia.org/property/colwidth,17,0.02,List of 2011 box office number-one films in the Philippines
<http://dbpedia.org/resource/Fast_Five>,http://dbpedia.org/property/colwidth,18,0.02,List of 2011 box office number-one films in the Philippines
<http://dbpedia.org/resource/In_the_Name_of_Love_(2011_film)>,http://dbpedia.org/property/colwidth,19,0.02,List of 2011 box office number-one films in the Philippines
<http://dbpedia.org/resource/Pirates_of_the_Caribbean:_On_Stranger_Tides>,http://dbpedia.org/property/colwidth,20,0.02,List of 2011 box office number-one films in the Philippines
<http://dbpedia.org/resource/Kung_Fu_Panda_2>,http://dbpedia.org/property/colwidth,21,0.02,List of 2011 box office number-one films in the Philippines
<http://dbpedia.org/resource/X-Men:_First_Class>,http://dbpedia.org/property/colwidth,22,0.02,List of 2011 box office number-one films in the Philippines
<http://dbpedia.org/resource/Green_Lantern_(film)>,http://dbpedia.org/property/colwidth,24,0.02,List of 2011 box office number-one films in the Philippines
<http://dbpedia.org/resource/Transformers:_Dark_of_the_Moon>,http://dbpedia.org/property/colwidth,26,0.02,List of 2011 box office number-one films in the Philippines
<http://dbpedia.org/resource/Harry_Potter_and_the_Deathly_Hallows_%E2%80%93_Part_2>,http://dbpedia.org/property/colwidth,28,0.02,List of 2011 box office number-one films in the Philippines
<http://dbpedia.org/resource/Rise_of_the_Planet_of_the_Apes>,http://dbpedia.org/property/colwidth,31,0.02,List of 2011 box office number-one films in the Philippines
<http://dbpedia.org/resource/The_Smurfs_(film)>,http://dbpedia.org/property/colwidth,32,0.02,List of 2011 box office number-one films in the Philippines
<http://dbpedia.org/resource/Way_Back_Home_(2011_film)>,http://dbpedia.org/property/colwidth,33,0.02,List of 2011 box office number-one films in the Philippines
<http://dbpedia.org/resource/Cars_2>,http://dbpedia.org/property/colwidth,34,0.02,List of 2011 box office number-one films in the Philippines
"<http://dbpedia.org/resource/Wedding_Tayo,_Wedding_Hindi>",http://dbpedia.org/property/colwidth,35,0.02,List of 2011 box office number-one films in the Philippines
<http://dbpedia.org/resource/Contagion_(film)>,http://dbpedia.org/property/colwidth,36,0.02,List of 2011 box office number-one films in the Philippines
<http://dbpedia.org/resource/Johnny_English_Reborn>,http://dbpedia.org/property/colwidth,37,0.02,List of 2011 box office number-one films in the Philippines
<http://dbpedia.org/resource/No_Other_Woman>,http://dbpedia.org/property/colwidth,39,0.02,List of 2011 box office number-one films in the Philippines
<http://dbpedia.org/resource/Real_Steel>,http://dbpedia.org/property/colwidth,41,0.02,List of 2011 box office number-one films in the Philippines
<http://dbpedia.org/resource/Puss_in_Boots_(2011_film)>,http://dbpedia.org/property/colwidth,43,0.02,List of 2011 box office number-one films in the Philippines
<http://dbpedia.org/resource/The_Unkabogable_Praybeyt_Benjamin>,http://dbpedia.org/property/colwidth,44,0.02,List of 2011 box office number-one films in the Philippines
<http://dbpedia.org/resource/The_Twilight_Saga:_Breaking_Dawn_-_Part_1>,http://dbpedia.org/property/colwidth,46,0.02,List of 2011 box office number-one films in the Philippines
<http://dbpedia.org/resource/Immortals_(2011_film)>,http://dbpedia.org/property/colwidth,49,0.02,List of 2011 box office number-one films in the Philippines
<http://dbpedia.org/resource/Mission:_Impossible_-_Ghost_Protocol>,http://dbpedia.org/property/colwidth,50,0.02,List of 2011 box office number-one films in the Philippines
